title,imdbRating,rank,descriptionUrl,posterUrl,posterImageUrl
Malcolm & Marie,6.7,1,https://www.imdb.com/title/tt12676326/?pf_rd_m=A2FGELUUNOQJNL&pf_rd_p=ea4e08e1-c8a3-47b5-ac3a-75026647c16e&pf_rd_r=ZB3EBN3KJDR1M61Z8ZK8&pf_rd_s=center-1&pf_rd_t=15506&pf_rd_i=moviemeter&ref_=chtmvm_tt_1,https://www.imdb.com/title/tt12676326/mediaviewer/rm2748241409?ref_=tt_ov_i,
The Dig,7.2,2,https://www.imdb.com/title/tt3661210/?pf_rd_m=A2FGELUUNOQJNL&pf_rd_p=ea4e08e1-c8a3-47b5-ac3a-75026647c16e&pf_rd_r=ZB3EBN3KJDR1M61Z8ZK8&pf_rd_s=center-1&pf_rd_t=15506&pf_rd_i=moviemeter&ref_=chtmvm_tt_2,https://www.imdb.com/title/tt3661210/mediaviewer/rm4196523009?ref_=tt_ov_i,
The Little Things,6.3,3,https://www.imdb.com/title/tt10016180/?pf_rd_m=A2FGELUUNOQJNL&pf_rd_p=ea4e08e1-c8a3-47b5-ac3a-75026647c16e&pf_rd_r=ZB3EBN3KJDR1M61Z8ZK8&pf_rd_s=center-1&pf_rd_t=15506&pf_rd_i=moviemeter&ref_=chtmvm_tt_3,https://www.imdb.com/title/tt10016180/mediaviewer/rm4039561985?ref_=tt_ov_i,
Old,,4,https://www.imdb.com/title/tt10954652/?pf_rd_m=A2FGELUUNOQJNL&pf_rd_p=ea4e08e1-c8a3-47b5-ac3a-75026647c16e&pf_rd_r=ZB3EBN3KJDR1M61Z8ZK8&pf_rd_s=center-1&pf_rd_t=15506&pf_rd_i=moviemeter&ref_=chtmvm_tt_4,https://www.imdb.com/title/tt10954652/mediaviewer/rm419604225?ref_=tt_ov_i,
News of the World,6.9,5,https://www.imdb.com/title/tt6878306/?pf_rd_m=A2FGELUUNOQJNL&pf_rd_p=ea4e08e1-c8a3-47b5-ac3a-75026647c16e&pf_rd_r=ZB3EBN3KJDR1M61Z8ZK8&pf_rd_s=center-1&pf_rd_t=15506&pf_rd_i=moviemeter&ref_=chtmvm_tt_5,https://www.imdb.com/title/tt6878306/mediaviewer/rm1121572353?ref_=tt_ov_i,
Greenland,6.4,6,https://www.imdb.com/title/tt7737786/?pf_rd_m=A2FGELUUNOQJNL&pf_rd_p=ea4e08e1-c8a3-47b5-ac3a-75026647c16e&pf_rd_r=ZB3EBN3KJDR1M61Z8ZK8&pf_rd_s=center-1&pf_rd_t=15506&pf_rd_i=moviemeter&ref_=chtmvm_tt_6,https://www.imdb.com/title/tt7737786/mediaviewer/rm1879091969?ref_=tt_ov_i,
Bliss,5.3,7,https://www.imdb.com/title/tt10333426/?pf_rd_m=A2FGELUUNOQJNL&pf_rd_p=ea4e08e1-c8a3-47b5-ac3a-75026647c16e&pf_rd_r=ZB3EBN3KJDR1M61Z8ZK8&pf_rd_s=center-1&pf_rd_t=15506&pf_rd_i=moviemeter&ref_=chtmvm_tt_7,https://www.imdb.com/title/tt10333426/mediaviewer/rm391237889?ref_=tt_ov_i,
Seungriho,6.6,8,https://www.imdb.com/title/tt12838766/?pf_rd_m=A2FGELUUNOQJNL&pf_rd_p=ea4e08e1-c8a3-47b5-ac3a-75026647c16e&pf_rd_r=ZB3EBN3KJDR1M61Z8ZK8&pf_rd_s=center-1&pf_rd_t=15506&pf_rd_i=moviemeter&ref_=chtmvm_tt_8,https://www.imdb.com/title/tt12838766/mediaviewer/rm1142739969?ref_=tt_ov_i,
Judas and the Black Messiah,7.8,9,https://www.imdb.com/title/tt9784798/?pf_rd_m=A2FGELUUNOQJNL&pf_rd_p=ea4e08e1-c8a3-47b5-ac3a-75026647c16e&pf_rd_r=ZB3EBN3KJDR1M61Z8ZK8&pf_rd_s=center-1&pf_rd_t=15506&pf_rd_i=moviemeter&ref_=chtmvm_tt_9,https://www.imdb.com/title/tt9784798/mediaviewer/rm1324468737?ref_=tt_ov_i,
